id,user_id,action_type,created_at
01640cbb-4f97-48bf-a3aa-4b3642af6a81,61a14930-9afb-4265-be2b-5e5c7b99dbda,text_analysis,2026-01-25 16:53:23.425863+00
01f24661-10c4-4737-bb56-51f05387ea1d,db1f7fdd-9e6a-4ecb-81f7-8eb5a7a1db09,text_analysis,2025-12-14 07:28:00.5092+00
05679ba1-29b4-4e92-9ed3-5262cdd6d196,db1f7fdd-9e6a-4ecb-81f7-8eb5a7a1db09,text_analysis,2026-01-25 19:10:12.474986+00
05d104db-5a19-45d2-8f30-aa3ba58e3f86,db1f7fdd-9e6a-4ecb-81f7-8eb5a7a1db09,text_analysis,2026-01-25 18:27:02.064644+00
07448f36-7f55-4346-a2c8-1ffda2e4844e,61a14930-9afb-4265-be2b-5e5c7b99dbda,text_analysis,2026-01-19 13:55:42.765565+00
0801e761-f604-4108-bb54-f3fbce7ca732,d13adab6-1ded-4ef9-9a6c-3e0bfb303b18,analysis,2026-03-14 20:27:22.562557+00
094f36c9-88ca-4ed6-b8bf-e6af760a6a19,61a14930-9afb-4265-be2b-5e5c7b99dbda,text_analysis,2026-01-18 17:40:34.720758+00
0a0f0162-5b1a-4252-b61d-66d6dbcfa339,d13adab6-1ded-4ef9-9a6c-3e0bfb303b18,text_analysis,2025-12-31 11:56:55.259745+00
0f429d15-febf-4b63-bf40-c5c8705a559b,db1f7fdd-9e6a-4ecb-81f7-8eb5a7a1db09,text_analysis,2025-12-08 19:18:49.889836+00
105320e3-8cc3-4fef-8e80-d4b086103685,db1f7fdd-9e6a-4ecb-81f7-8eb5a7a1db09,text_analysis,2026-01-27 10:50:47.96313+00
15b1f1c1-6435-46fb-9015-59d28c1c40dd,db1f7fdd-9e6a-4ecb-81f7-8eb5a7a1db09,text_analysis,2026-01-11 17:59:17.01588+00
19b13761-faf7-4527-87f7-2ad43bd53636,c2bee174-94d0-4392-8735-4f30710b2824,text_analysis,2025-11-13 16:31:54.523772+00
1a43e011-53a3-4b3a-9c32-6ba59cc90ada,db1f7fdd-9e6a-4ecb-81f7-8eb5a7a1db09,text_analysis,2026-01-30 19:36:12.64282+00
1c179d31-c0c0-4875-b6c4-6ac2a2bb6f81,db1f7fdd-9e6a-4ecb-81f7-8eb5a7a1db09,text_analysis,2026-02-01 12:09:49.780942+00
1f487c8b-7d80-4b5a-99da-1079e4e9ec54,db1f7fdd-9e6a-4ecb-81f7-8eb5a7a1db09,text_analysis,2026-02-02 15:27:39.19965+00
2299d8a3-f37b-45f4-862f-1d83a4002abf,db1f7fdd-9e6a-4ecb-81f7-8eb5a7a1db09,text_analysis,2026-01-26 18:14:29.031571+00
23410498-58d3-4ffb-83a4-8d5ba77d4804,db1f7fdd-9e6a-4ecb-81f7-8eb5a7a1db09,text_analysis,2025-11-30 12:49:25.017122+00
24a7c6ec-07d1-4f53-bfdf-3c024f5ff4bd,d13adab6-1ded-4ef9-9a6c-3e0bfb303b18,text_analysis,2025-12-31 11:53:32.490063+00
285f0fc3-8701-4993-8d6a-b0239f2115ef,61a14930-9afb-4265-be2b-5e5c7b99dbda,text_analysis,2026-01-28 15:53:49.787364+00
28ebf070-400f-4b60-b2b6-8371e2d2c33c,db1f7fdd-9e6a-4ecb-81f7-8eb5a7a1db09,text_analysis,2026-01-25 18:42:14.394608+00
2af83f23-6276-43c8-a014-f61de718ba5a,db1f7fdd-9e6a-4ecb-81f7-8eb5a7a1db09,analysis,2026-02-04 18:50:44.635947+00
2c663ee8-5dc0-4d2f-ad7e-f43236848a33,d13adab6-1ded-4ef9-9a6c-3e0bfb303b18,text_analysis,2026-01-21 17:08:32.900259+00
2c7a35af-b848-45f5-8fba-47fcaec574d7,d13adab6-1ded-4ef9-9a6c-3e0bfb303b18,analysis,2026-02-15 13:17:44.342177+00
2ccc207d-7617-4482-99c7-e6e0378ec01e,d13adab6-1ded-4ef9-9a6c-3e0bfb303b18,analysis,2026-02-10 16:39:21.560878+00
2f66b5ba-ff63-4776-af4a-48071e723c74,db1f7fdd-9e6a-4ecb-81f7-8eb5a7a1db09,text_analysis,2026-01-17 10:23:41.199201+00
2fc5a037-1dd4-464f-8d77-4cd38b888a98,d13adab6-1ded-4ef9-9a6c-3e0bfb303b18,text_analysis,2026-01-21 16:39:52.632379+00
333bde0f-5ca3-4d68-8e18-cf91cad9e164,db1f7fdd-9e6a-4ecb-81f7-8eb5a7a1db09,text_analysis,2026-01-10 12:51:59.863578+00
3344798d-5a53-44d9-91f8-0815da7d7395,db1f7fdd-9e6a-4ecb-81f7-8eb5a7a1db09,text_analysis,2026-02-01 12:22:40.03322+00
346bf975-255c-413c-ad08-15005ee673e2,db1f7fdd-9e6a-4ecb-81f7-8eb5a7a1db09,text_analysis,2026-01-10 11:19:10.939568+00
35ac6cdb-682a-4c01-8b03-cf14a44a80f5,db1f7fdd-9e6a-4ecb-81f7-8eb5a7a1db09,text_analysis,2026-02-02 15:44:35.626424+00
36afac3f-082d-4cdb-bda7-1918efb44ad0,d13adab6-1ded-4ef9-9a6c-3e0bfb303b18,text_analysis,2025-12-31 11:56:54.765164+00
372669b2-7ff6-4105-89d7-007186a16bfe,db1f7fdd-9e6a-4ecb-81f7-8eb5a7a1db09,text_analysis,2026-01-08 17:17:41.378162+00
39cddfbe-3138-4994-8450-940b3efe3ada,d13adab6-1ded-4ef9-9a6c-3e0bfb303b18,text_analysis,2026-01-05 16:43:45.713613+00
3aaa4db7-bc8e-4459-869c-ccadc0a3a276,61a14930-9afb-4265-be2b-5e5c7b99dbda,podcast_generation,2026-01-25 15:49:28.473812+00
3eb626d5-4f05-454f-84e2-f291c07fbe2e,db1f7fdd-9e6a-4ecb-81f7-8eb5a7a1db09,text_analysis,2026-01-05 18:06:04.929348+00
4081f2b8-cb48-4ebe-8c29-e86320a5fc7c,d13adab6-1ded-4ef9-9a6c-3e0bfb303b18,text_analysis,2025-11-09 17:34:57.544844+00
417ba7a4-2a10-408a-ac5f-7baa936c4303,db1f7fdd-9e6a-4ecb-81f7-8eb5a7a1db09,text_analysis,2026-01-30 18:14:06.434+00
451af8a8-25e8-4cbd-bb57-28044c18d6cf,db1f7fdd-9e6a-4ecb-81f7-8eb5a7a1db09,analysis,2026-02-03 18:47:29.313543+00
4776f948-5fe6-4347-b154-5597350e464c,61a14930-9afb-4265-be2b-5e5c7b99dbda,text_analysis,2026-01-20 12:06:15.886881+00
4c7bd732-8e62-47dc-8a63-8c59c05cc58f,db1f7fdd-9e6a-4ecb-81f7-8eb5a7a1db09,analysis,2026-02-04 18:50:15.263434+00
4d7a1155-f5f4-4288-aa14-95f28360d8d5,61a14930-9afb-4265-be2b-5e5c7b99dbda,text_analysis,2026-01-28 15:39:53.542064+00
4e62c6fb-4615-4edc-96ad-3f6127afe069,61a14930-9afb-4265-be2b-5e5c7b99dbda,text_analysis,2026-01-19 12:49:59.768153+00
4e71785b-16db-4098-8f6c-6d269de52123,d13adab6-1ded-4ef9-9a6c-3e0bfb303b18,text_analysis,2026-01-14 15:59:50.473417+00
51b371d2-90ec-4cb7-8898-716a2bbdd7d2,db1f7fdd-9e6a-4ecb-81f7-8eb5a7a1db09,text_analysis,2026-01-25 18:27:49.687544+00
5451c0a2-5046-4592-96e4-01ad7abaa8b9,db1f7fdd-9e6a-4ecb-81f7-8eb5a7a1db09,text_analysis,2026-01-18 09:20:36.179597+00
54e56ab9-3d47-491f-b58f-9a57eb103453,d13adab6-1ded-4ef9-9a6c-3e0bfb303b18,analysis,2026-03-02 18:45:23.736984+00
5575c7b9-1a67-4973-8322-18a7235feb8e,d13adab6-1ded-4ef9-9a6c-3e0bfb303b18,analysis,2026-02-16 19:09:23.533053+00
56cfe6fd-c434-4013-ab95-87e6f2bf8090,db1f7fdd-9e6a-4ecb-81f7-8eb5a7a1db09,text_analysis,2025-11-29 17:58:03.083534+00
590ddd92-a171-4dc8-b307-c4fb21d5e776,db1f7fdd-9e6a-4ecb-81f7-8eb5a7a1db09,text_analysis,2025-12-31 07:33:25.998118+00
59bb6435-dc12-4add-8bf3-758b4c2b6aac,d13adab6-1ded-4ef9-9a6c-3e0bfb303b18,text_analysis,2026-01-02 14:25:47.547613+00
5d798191-60dc-40b2-b33f-73be9b831364,61a14930-9afb-4265-be2b-5e5c7b99dbda,analysis,2026-02-04 19:51:44.919444+00
5f4a597b-3149-48c2-a572-90a9853db91f,db1f7fdd-9e6a-4ecb-81f7-8eb5a7a1db09,text_analysis,2026-02-02 17:21:38.282042+00
63da03d0-c981-4649-a8d3-85ff02802709,db1f7fdd-9e6a-4ecb-81f7-8eb5a7a1db09,text_analysis,2025-11-30 12:48:49.129176+00
63f7c180-8924-428b-98e0-88d6a63f4723,db1f7fdd-9e6a-4ecb-81f7-8eb5a7a1db09,text_analysis,2026-01-15 18:53:13.106911+00
65014ae5-a584-4482-b6fd-1b814e8dd385,d13adab6-1ded-4ef9-9a6c-3e0bfb303b18,text_analysis,2026-01-05 18:00:57.362179+00
6a1ccfb9-9592-40f5-aa49-be8e0d019976,d13adab6-1ded-4ef9-9a6c-3e0bfb303b18,analysis,2026-02-05 16:40:12.990023+00
6a841884-644d-4372-9c8a-a1e054eba8ab,6f6b7947-7fb4-4f0e-8850-ea5e1a9e3fb0,analysis,2026-02-09 16:49:52.911393+00
6c301758-5ca3-42a3-8606-7b1258ecc954,db1f7fdd-9e6a-4ecb-81f7-8eb5a7a1db09,text_analysis,2026-01-18 15:01:16.772673+00
6cfe478a-0aba-4774-841d-cf03c6ca29d0,db1f7fdd-9e6a-4ecb-81f7-8eb5a7a1db09,text_analysis,2026-02-01 17:57:57.044697+00
6e0ef869-4a45-437f-91bf-fb5e626c02f6,db1f7fdd-9e6a-4ecb-81f7-8eb5a7a1db09,analysis,2026-02-03 18:38:32.340193+00
703a81cc-53b9-4df6-9968-6d1f92424e87,db1f7fdd-9e6a-4ecb-81f7-8eb5a7a1db09,text_analysis,2026-01-07 15:16:59.796077+00
731f194a-981e-41a9-9fa3-0e340c780e20,db1f7fdd-9e6a-4ecb-81f7-8eb5a7a1db09,analysis,2026-02-04 18:50:17.023845+00
7364da1b-c13f-4ad4-863c-9d7874f6b644,db1f7fdd-9e6a-4ecb-81f7-8eb5a7a1db09,text_analysis,2026-02-01 12:35:11.142213+00
7389d942-cd9c-42ed-a56d-cb3c1566a54d,db1f7fdd-9e6a-4ecb-81f7-8eb5a7a1db09,text_analysis,2026-02-01 12:58:56.121468+00
75d5d31c-17f4-4c85-80be-b43f0faf7761,d13adab6-1ded-4ef9-9a6c-3e0bfb303b18,text_analysis,2026-01-05 17:15:29.080632+00
76128681-e5bc-4217-bc7c-47e88e67df67,db1f7fdd-9e6a-4ecb-81f7-8eb5a7a1db09,text_analysis,2026-01-25 18:36:01.023609+00
77ade81a-386e-4e6d-a60c-8f90e5303d0b,d13adab6-1ded-4ef9-9a6c-3e0bfb303b18,text_analysis,2026-01-05 18:02:05.501775+00
795556f2-6e8f-4145-a123-7be7c7a483fc,d13adab6-1ded-4ef9-9a6c-3e0bfb303b18,analysis,2026-02-12 18:08:48.257321+00
7a8a6cb7-eb31-4389-8645-bca97ea5d28f,db1f7fdd-9e6a-4ecb-81f7-8eb5a7a1db09,text_analysis,2026-02-01 12:42:11.182782+00
7b1bb356-0be0-4a71-9239-148f7c67e15a,61a14930-9afb-4265-be2b-5e5c7b99dbda,text_analysis,2026-01-20 17:11:04.584955+00
7b566d14-1baf-4bfa-9822-c671b3df19f7,4bb55c7c-f7ff-4bf6-a38b-93b6852d5fb7,analysis,2026-03-06 04:31:54.215901+00
7c3e355a-8257-4336-8f16-898316f1dd55,db1f7fdd-9e6a-4ecb-81f7-8eb5a7a1db09,text_analysis,2025-12-31 08:29:18.418292+00
7c81b86f-1673-42f0-9fb2-be366afb6dbc,d13adab6-1ded-4ef9-9a6c-3e0bfb303b18,text_analysis,2026-01-14 15:55:57.378249+00
7cebaa19-24c5-450f-928d-f75ceff560ea,db1f7fdd-9e6a-4ecb-81f7-8eb5a7a1db09,text_analysis,2025-12-31 08:28:48.63592+00
7e86b8e5-ccc2-4cb0-b438-d4518d1019e3,61a14930-9afb-4265-be2b-5e5c7b99dbda,text_analysis,2026-01-25 15:29:41.167016+00
7f72f4e6-549f-4d21-9991-192570b023a5,d13adab6-1ded-4ef9-9a6c-3e0bfb303b18,analysis,2026-02-22 19:16:49.066578+00
80d41db5-2170-459d-bfca-de1a0c44ea64,d13adab6-1ded-4ef9-9a6c-3e0bfb303b18,text_analysis,2026-01-14 15:55:56.602728+00
8239db43-bd96-4c02-b291-97cd837d906d,db1f7fdd-9e6a-4ecb-81f7-8eb5a7a1db09,text_analysis,2026-01-09 17:27:10.605156+00
82d9d04c-644e-4aab-ac5f-4943231ae315,52aae3f3-b76f-4f5e-bbe9-616ccc094a51,text_analysis,2026-01-19 04:27:34.761832+00
8490071d-fcb0-4201-9d6f-d0988763c5ca,d13adab6-1ded-4ef9-9a6c-3e0bfb303b18,text_analysis,2026-01-14 15:59:50.967505+00
86418e90-70bd-4eef-9e94-a7af23947541,db1f7fdd-9e6a-4ecb-81f7-8eb5a7a1db09,text_analysis,2026-01-12 18:08:38.088476+00
8744702f-45dc-4d9d-bf92-6bca1a01830a,db1f7fdd-9e6a-4ecb-81f7-8eb5a7a1db09,text_analysis,2025-12-31 08:29:18.908407+00
87ed53e4-732f-4b08-bf1c-77d0d562dbdd,c2bee174-94d0-4392-8735-4f30710b2824,text_analysis,2025-11-13 17:25:03.297873+00
88edf8e9-efaa-4352-86bb-86ec50fc213d,db1f7fdd-9e6a-4ecb-81f7-8eb5a7a1db09,text_analysis,2026-01-25 18:30:57.270219+00
89f4aafb-f1a0-4b7e-8fc3-1afaa0f6b9d7,db1f7fdd-9e6a-4ecb-81f7-8eb5a7a1db09,text_analysis,2026-01-10 12:28:29.423216+00
8a7029f1-8c5c-4a5f-a0ef-418ce42b8b2e,db1f7fdd-9e6a-4ecb-81f7-8eb5a7a1db09,text_analysis,2025-12-31 07:33:25.521175+00
8c5c974a-ff18-4b07-900b-d99a1d4d4569,61a14930-9afb-4265-be2b-5e5c7b99dbda,text_analysis,2026-01-30 16:17:28.102752+00
8e1454f3-883d-4ee0-b9b7-2575a376c7cd,db1f7fdd-9e6a-4ecb-81f7-8eb5a7a1db09,text_analysis,2026-01-10 18:47:05.763371+00
8e5ff841-d985-43c9-a307-06226be6ded8,c2bee174-94d0-4392-8735-4f30710b2824,text_analysis,2025-11-13 16:40:26.724519+00
8f8ba0f4-e42a-4a5c-af09-bf277b6137bf,d13adab6-1ded-4ef9-9a6c-3e0bfb303b18,text_analysis,2025-12-31 11:53:33.258252+00
908cba81-f480-4930-94c7-9e03820be05e,db1f7fdd-9e6a-4ecb-81f7-8eb5a7a1db09,text_analysis,2026-02-01 12:49:31.464631+00
90a15225-2a1d-45e4-8dee-2eb08132e113,a79869b2-bf6c-4ae7-9502-90bd785ea93f,text_analysis,2026-01-16 23:46:02.185428+00
90a81e07-143f-489b-8546-7a32915093af,61a14930-9afb-4265-be2b-5e5c7b99dbda,text_analysis,2026-01-19 16:13:53.106296+00
911d624f-5ea8-4860-a2f0-e075675282f4,c2bee174-94d0-4392-8735-4f30710b2824,text_analysis,2025-11-13 16:40:51.384203+00
92c99ca7-b8fe-411c-b7d0-151d9543beb5,61a14930-9afb-4265-be2b-5e5c7b99dbda,text_analysis,2026-01-30 16:17:42.114865+00
92ed30a7-6d41-470e-9ea5-c12884fffbd9,d13adab6-1ded-4ef9-9a6c-3e0bfb303b18,analysis,2026-02-13 19:05:15.965218+00
93d8ab76-5096-4a31-b4f8-a3bc14630485,52aae3f3-b76f-4f5e-bbe9-616ccc094a51,text_analysis,2026-01-06 19:06:15.49597+00
949aaad0-df68-4c4a-8bd7-55af4b2823d5,d13adab6-1ded-4ef9-9a6c-3e0bfb303b18,analysis,2026-02-09 18:54:05.095881+00
94debf08-4c19-46cf-a868-e9b7c69f7647,d13adab6-1ded-4ef9-9a6c-3e0bfb303b18,analysis,2026-02-15 19:40:06.090866+00
991b8181-c7b3-4a9b-8ab5-dc7f11850bea,d13adab6-1ded-4ef9-9a6c-3e0bfb303b18,text_analysis,2026-01-21 17:13:42.819147+00
9977605e-fd2f-4728-8702-351cb6e5d07a,db1f7fdd-9e6a-4ecb-81f7-8eb5a7a1db09,text_analysis,2026-01-05 18:30:50.274936+00
99a6dbef-a2f8-47cd-a3ef-62bcba9a9335,61a14930-9afb-4265-be2b-5e5c7b99dbda,text_analysis,2026-01-19 15:27:57.083347+00
9adea172-8e83-4e0d-995c-436251ba5f5b,d13adab6-1ded-4ef9-9a6c-3e0bfb303b18,analysis,2026-02-11 19:07:00.948866+00
9dc8fa4d-bf5c-4e7b-b0e1-21af0be5b444,db1f7fdd-9e6a-4ecb-81f7-8eb5a7a1db09,text_analysis,2026-02-01 12:58:12.679716+00
a2079065-37c1-4f3a-821d-fe9466f2f8c1,db1f7fdd-9e6a-4ecb-81f7-8eb5a7a1db09,text_analysis,2026-02-01 12:24:44.864984+00
a2ce812b-5dee-4d74-8a14-ba68746b2bcf,db1f7fdd-9e6a-4ecb-81f7-8eb5a7a1db09,text_analysis,2026-01-25 18:41:30.132723+00
a466c8d5-8abe-447f-b838-d8dc4a07f4ec,d13adab6-1ded-4ef9-9a6c-3e0bfb303b18,analysis,2026-02-10 19:37:36.893252+00
a692c712-b475-4497-a855-06b614fed183,db1f7fdd-9e6a-4ecb-81f7-8eb5a7a1db09,text_analysis,2026-01-26 18:40:11.440643+00
a7e69050-d699-4038-96fa-adfa4a904fc9,db1f7fdd-9e6a-4ecb-81f7-8eb5a7a1db09,text_analysis,2026-01-27 11:59:56.603172+00
a8b039e2-9fbe-41d8-9e4f-0c69bf04f312,d13adab6-1ded-4ef9-9a6c-3e0bfb303b18,analysis,2026-02-05 16:15:21.352386+00
a8bf9a72-8ae0-451e-bd4d-17be08d885bd,db1f7fdd-9e6a-4ecb-81f7-8eb5a7a1db09,text_analysis,2026-01-06 17:40:02.849285+00
aa81bf84-3752-44f4-93f5-1a021d47243e,61a14930-9afb-4265-be2b-5e5c7b99dbda,text_analysis,2026-01-21 15:59:39.160228+00
ae1841b3-a03c-4ba7-8c8e-191eaf3b092b,db1f7fdd-9e6a-4ecb-81f7-8eb5a7a1db09,text_analysis,2026-02-01 17:31:42.160033+00
ae2d17c3-d885-444d-ab80-e658afe6d8de,d13adab6-1ded-4ef9-9a6c-3e0bfb303b18,analysis,2026-02-15 19:41:05.981583+00
ae7689a6-dc21-4f5e-b36a-0ebb87946f61,db1f7fdd-9e6a-4ecb-81f7-8eb5a7a1db09,text_analysis,2026-02-02 17:19:42.624395+00
af1a161d-8d70-4a70-bef1-88d37e7c0578,db1f7fdd-9e6a-4ecb-81f7-8eb5a7a1db09,text_analysis,2025-11-29 17:59:59.896403+00
af5d72cd-ed8d-4b25-8a17-cdd19813e76d,89f110e2-8d9c-4f8e-af79-5629913e7ce1,text_analysis,2025-11-08 11:47:56.834482+00
afc5df54-80f4-4a15-81e3-50b30def422e,d13adab6-1ded-4ef9-9a6c-3e0bfb303b18,analysis,2026-02-09 18:53:25.800857+00
b65cc0b5-56fb-440c-a6e9-912da5b0e458,61a14930-9afb-4265-be2b-5e5c7b99dbda,text_analysis,2026-01-19 16:45:40.722984+00
b7d1f554-0e3d-4633-b943-e2a51ff03daf,c8873c4a-963c-4fc2-8ae4-9c479e7d2585,text_analysis,2025-11-08 11:56:24.844193+00
b9cd9299-3147-4d8f-ac75-f73507aae13b,7d78e4b8-83ea-4f5d-8d03-c96fb689c396,analysis,2026-03-05 17:50:04.646678+00
bb17bf4a-4cc2-4226-8546-f31fde1f8dfe,61a14930-9afb-4265-be2b-5e5c7b99dbda,text_analysis,2026-01-21 15:31:17.097162+00
bb2feef1-75f0-47c9-9323-25bc1b77b911,db1f7fdd-9e6a-4ecb-81f7-8eb5a7a1db09,text_analysis,2026-02-02 15:34:21.524891+00
bc57a13f-77b2-40d8-9b3e-b7608bc7250e,db1f7fdd-9e6a-4ecb-81f7-8eb5a7a1db09,text_analysis,2026-01-07 19:03:28.539606+00
bcf38b06-72b4-480b-8ac4-ff6e3bc4f318,61a14930-9afb-4265-be2b-5e5c7b99dbda,text_analysis,2026-01-20 17:01:18.587744+00
be12eae8-7872-422d-a470-e8f694e62c35,c2bee174-94d0-4392-8735-4f30710b2824,text_analysis,2025-11-13 16:41:51.462786+00
bef7556f-cbc2-4651-a180-cc9c23365379,db1f7fdd-9e6a-4ecb-81f7-8eb5a7a1db09,text_analysis,2025-12-31 08:20:05.468767+00
bf255c47-2434-48b5-89af-7fefa54ad373,db1f7fdd-9e6a-4ecb-81f7-8eb5a7a1db09,analysis,2026-02-04 19:09:08.625434+00
c1daad33-f8f4-4d25-86f0-ce18d60ff268,d13adab6-1ded-4ef9-9a6c-3e0bfb303b18,analysis,2026-05-26 11:12:30.862172+00
c29ac538-7a74-4601-b466-f73d28d2aad3,61a14930-9afb-4265-be2b-5e5c7b99dbda,text_analysis,2026-01-28 15:52:35.738914+00
c39d990c-d05e-40a1-ab9d-fb84a1ecc924,61a14930-9afb-4265-be2b-5e5c7b99dbda,analysis,2026-02-09 19:36:58.065234+00
c454dfcf-7ed6-452f-b622-d0fc643f0136,61a14930-9afb-4265-be2b-5e5c7b99dbda,text_analysis,2026-01-20 17:51:50.816582+00
c755d9d7-f758-4473-a15e-76b143881298,db1f7fdd-9e6a-4ecb-81f7-8eb5a7a1db09,text_analysis,2026-01-06 07:36:17.732917+00
cc3ac856-7e9d-4b0a-a696-1edd38dd1085,db1f7fdd-9e6a-4ecb-81f7-8eb5a7a1db09,analysis,2026-02-02 18:51:13.710956+00
cd4594b5-e58f-4dc2-810b-e5702d79cc50,61a14930-9afb-4265-be2b-5e5c7b99dbda,text_analysis,2026-01-20 16:44:32.132108+00
cd701b72-919d-4bdd-8ea2-f966591d309e,d13adab6-1ded-4ef9-9a6c-3e0bfb303b18,analysis,2026-02-05 16:30:00.634025+00
cf74a23b-32ea-4fb9-bc8e-ec5fbed96584,db1f7fdd-9e6a-4ecb-81f7-8eb5a7a1db09,text_analysis,2025-12-31 08:20:05.966933+00
cfdf2007-a31a-4097-a76b-51168a41d9d4,db1f7fdd-9e6a-4ecb-81f7-8eb5a7a1db09,text_analysis,2025-12-31 08:28:49.109597+00
d155ea20-24e7-4369-814c-0813c60ccec4,db1f7fdd-9e6a-4ecb-81f7-8eb5a7a1db09,text_analysis,2026-02-02 15:40:59.58292+00
d3770fc2-6615-4580-be09-2cc5581cf0c1,c2bee174-94d0-4392-8735-4f30710b2824,text_analysis,2025-11-13 17:26:21.983802+00
d3ba5354-dd66-4296-b614-67eaebaea556,db1f7fdd-9e6a-4ecb-81f7-8eb5a7a1db09,text_analysis,2026-01-05 18:22:43.827607+00
d3c8e478-505c-405b-ab82-0be810e9cd8e,db1f7fdd-9e6a-4ecb-81f7-8eb5a7a1db09,text_analysis,2026-01-25 18:19:13.68449+00
d440a771-96a4-49cd-b5a6-4e68bd4f63e1,d13adab6-1ded-4ef9-9a6c-3e0bfb303b18,analysis,2026-02-11 15:31:15.753912+00
d4584cd3-5b58-4019-a634-81db0be290d6,db1f7fdd-9e6a-4ecb-81f7-8eb5a7a1db09,text_analysis,2026-01-14 19:19:12.095528+00
d4625d2b-4b23-4ff1-a530-b1fbf47f9afe,d13adab6-1ded-4ef9-9a6c-3e0bfb303b18,text_analysis,2026-01-02 14:25:48.040635+00
d4c4699d-59f2-451b-826b-f66d87d019fa,db1f7fdd-9e6a-4ecb-81f7-8eb5a7a1db09,analysis,2026-02-03 18:47:58.750202+00
d6fdf4d9-089d-417a-a97e-6816a57131fa,db1f7fdd-9e6a-4ecb-81f7-8eb5a7a1db09,text_analysis,2026-01-12 18:37:11.744575+00
db58eb0f-4945-4426-bf76-d75316e467b3,d13adab6-1ded-4ef9-9a6c-3e0bfb303b18,analysis,2026-02-09 19:34:33.477016+00
dca416ad-112b-4471-8162-b9d4a1de8a05,03dbf411-c856-4951-a906-fa142d9bbe86,analysis,2026-02-14 13:46:25.712461+00
de934eaa-2762-40c2-90ac-8932ea18854b,61a14930-9afb-4265-be2b-5e5c7b99dbda,text_analysis,2026-01-30 16:17:54.518875+00
e1e9a0e6-47cc-49ad-ace9-7f4e11f2953e,db1f7fdd-9e6a-4ecb-81f7-8eb5a7a1db09,text_analysis,2026-02-01 12:16:58.949044+00
e257d278-e3b6-4117-81c3-bb7529feaa14,db1f7fdd-9e6a-4ecb-81f7-8eb5a7a1db09,text_analysis,2026-02-02 15:47:32.432713+00
e4d0ad72-7bed-4be1-9227-7230b74beab9,d13adab6-1ded-4ef9-9a6c-3e0bfb303b18,text_analysis,2026-01-21 17:14:02.116264+00
eb649916-4358-44e8-8f37-a113ae731d61,d13adab6-1ded-4ef9-9a6c-3e0bfb303b18,analysis,2026-02-08 15:47:25.855749+00
eba3ae30-e75d-4e85-bbd9-1c2908f81067,d13adab6-1ded-4ef9-9a6c-3e0bfb303b18,text_analysis,2025-11-09 17:49:22.888139+00
ebb15586-bb89-4e5d-9356-f8cc8b60b99b,db1f7fdd-9e6a-4ecb-81f7-8eb5a7a1db09,text_analysis,2026-01-27 17:24:01.202838+00
ebf8764c-ebbf-42dd-a1bb-9ec9f2e4cb6e,29fb6b77-0e13-43ca-b873-2fadee989058,analysis,2026-03-04 23:08:19.647945+00
ec52752c-6b63-4d1e-9e78-d839dd95d010,d13adab6-1ded-4ef9-9a6c-3e0bfb303b18,analysis,2026-02-09 18:54:18.560294+00
ef6520f0-94a1-4dc9-b81d-9d3a4a1e5f46,db1f7fdd-9e6a-4ecb-81f7-8eb5a7a1db09,text_analysis,2026-01-26 19:25:27.928267+00
ef9fb784-c63a-40f4-ab0a-19b27fdb7976,d13adab6-1ded-4ef9-9a6c-3e0bfb303b18,analysis,2026-02-10 15:43:43.526707+00
f084f0e4-2b56-4039-b6fb-30f51a80e6aa,db1f7fdd-9e6a-4ecb-81f7-8eb5a7a1db09,text_analysis,2026-01-26 18:13:02.463811+00
f207c1f7-9626-4fc0-afbf-57e45aaf7549,d13adab6-1ded-4ef9-9a6c-3e0bfb303b18,analysis,2026-02-15 19:31:50.653653+00
f30c76a2-d711-422d-8b87-9511de8b8e34,6f6b7947-7fb4-4f0e-8850-ea5e1a9e3fb0,analysis,2026-02-06 17:01:23.190619+00
f319afc9-3559-43b8-9503-f02e33481fc2,db1f7fdd-9e6a-4ecb-81f7-8eb5a7a1db09,analysis,2026-02-02 18:51:59.23108+00
f582ca5e-7440-4a97-acf7-6ca8503dab6f,db1f7fdd-9e6a-4ecb-81f7-8eb5a7a1db09,text_analysis,2025-11-29 18:26:46.154218+00
fb2d30d0-e256-4c5f-b009-3fb475b4827d,61a14930-9afb-4265-be2b-5e5c7b99dbda,text_analysis,2026-01-20 11:33:57.161141+00
fba9c911-11f7-40a3-a3c1-e36a0463bd76,61a14930-9afb-4265-be2b-5e5c7b99dbda,text_analysis,2026-01-20 16:44:03.891655+00
fff1d71e-8c86-432c-a344-d25aaab2cd47,d13adab6-1ded-4ef9-9a6c-3e0bfb303b18,analysis,2026-02-04 20:13:18.006503+00